filename,trust_name,collection_period_end_date,ending_pool_balance,delinq_60_plus,delinquency_trigger,extensions_count,extensions_balance,delinq_61_90_count,delinq_61_90_balance,delinq_91_120_count,delinq_91_120_balance
1841341_2024-08-15_10-D_0001841341-24-000023.txt,Carvana Auto Receivables Trust 2021-P1,07-31-2024,85474120.49,2.44,4.0,42,465707.59,146,1638463.32,35,445548.6
1843627_2022-06-15_10-D_0001193125-22-174569.txt,Carvana Auto Receivables Trust 2021-P3,05-31-2022,778811680.71,0.29,2.0,68,1567133.09,81,1667856.34,42,562725.51
1903753_2022-11-15_10-D_0001193125-22-285677.txt,Carvana Auto Receivables Trust 2022-P2,10-31-2022,495451288.59,0.19,2.0,27,684936.16,34,717164.24,16,219921.19
1903753_2025-09-15_10-D_0001903753-25-000041.txt,Carvana Auto Receivables Trust 2022-P2,08-31-2025,153482668.32,3.03,4.0,79,1126784.66,248,3917723.28,58,729415.91
1843657_2021-09-16_10-D_0001193125-21-275117.txt,Carvana Auto Receivables Trust 2021-P2,08-31-2021,698090775.26,0.07,2.0,10,244727.59,15,233236.75,12,235165.65
1999854_2026-01-15_10-D_0001999854-26-000004.txt,Carvana Auto Receivables Trust 2024-P4,12-31-2025,405270216.73,0.82,2.75,66,1677576.91,108,2402393.82,44,916694.8
1843627_2023-12-15_10-D_0001843627-23-000014.txt,Carvana Auto Receivables Trust 2021-P3,11-30-2023,441981618.82,1.7,3.5,123,2133322.98,354,6362091.64,70,1129581.56
1903753_2025-10-15_10-D_0001903753-25-000045.txt,Carvana Auto Receivables Trust 2022-P2,09-30-2025,146134388.31,3.11,4.0,72,1044504.36,238,3619829.67,67,918083.47
2037955_2025-10-15_10-D_0002037955-25-000018.txt,Carvana Auto Receivables Trust 2025-P2,09-30-2025,572825937.58,0.16,2.2,0,0.0,39,761119.35,8,136613.76
1903753_2024-11-15_10-D_0001903753-24-000034.txt,Carvana Auto Receivables Trust 2022-P2,10-31-2024,238707383.72,2.15,3.5,154,2711926.74,213,3881389.01,77,1239715.28
1843657_2021-08-17_10-D_0001193125-21-249289.txt,Carvana Auto Receivables Trust 2021-P2,07-31-2021,723738975.42,0.04,2.0,1,46623.76,18,320332.73,0,0.0
1843627_2022-09-15_10-D_0001193125-22-245538.txt,Carvana Auto Receivables Trust 2021-P3,08-31-2022,705058305.62,0.51,2.0,140,2922587.94,144,2750059.13,44,873169.99
1843627_2025-11-14_10-D_0001843627-25-000049.txt,Carvana Auto Receivables Trust 2021-P3,10-31-2025,144944614.69,3.03,4.5,147,1560269.74,307,3571692.27,77,814721.68
1843657_2023-03-15_10-D_0001193125-23-071255.txt,Carvana Auto Receivables Trust 2021-P2,02-28-2023,379558806.54,0.81,2.5,68,1294517.83,132,2218365.46,52,858328.05
1843657_2021-10-18_10-D_0001193125-21-301040.txt,Carvana Auto Receivables Trust 2021-P2,09-30-2021,674589487.49,646951.59,2.0,18,413849.22,26,489238.58,10,157713.01
1843657_2024-01-16_10-D_0001843657-24-000002.txt,Carvana Auto Receivables Trust 2021-P2,12-31-2023,266386993.66,1.85,3.5,80,1250459.27,260,3942979.83,64,991310.77
1841341_2021-08-17_10-D_0001193125-21-249302.txt,Carvana Auto Receivables Trust 2021-P1,07-31-2021,346775931.15,0.09,2.0,5,117163.93,17,175141.06,11,138845.23
2037953_2025-11-14_10-D_0002037953-25-000009.txt,Carvana Auto Receivables Trust 2025-P3,10-31-2025,951781035.73,0.02,2.2,66,1987972.58,14,211734.93,0,0.0
1903763_2026-01-15_10-D_0001903763-26-000004.txt,Carvana Auto Receivables Trust 2022-P1,12-31-2025,194075188.67,3.32,4.0,137,1806750.1,368,5205110.24,99,1229401.07
1841341_2025-09-15_10-D_0001841341-25-000041.txt,Carvana Auto Receivables Trust 2021-P1,08-31-2025,36120499.7,3.77,4.5,46,307405.43,140,1140896.5,26,220674.44
1903763_2023-10-16_10-D_0001903763-23-000008.txt,Carvana Auto Receivables Trust 2022-P1,09-30-2023,597847215.89,0.95,2.5,126,2742503.43,220,4352819.98,81,1307689.73
1903753_2024-03-15_10-D_0001903753-24-000006.txt,Carvana Auto Receivables Trust 2022-P2,02-29-2024,315472812.31,1.45,2.5,81,1732680.82,180,3558992.68,59,1005856.16
1903763_2025-03-14_10-D_0001903763-25-000014.txt,Carvana Auto Receivables Trust 2022-P1,02-28-2025,325172860.28,2.01,3.5,123,2094643.17,310,5145451.79,93,1397879.41
1841341_2023-02-15_10-D_0001193125-23-040002.txt,Carvana Auto Receivables Trust 2021-P1,01-31-2023,179936195.88,0.73,2.5,34,512070.03,69,1056300.09,20,261907.59
1843657_2025-05-15_10-D_0001843657-25-000025.txt,Carvana Auto Receivables Trust 2021-P2,04-30-2025,123236948.53,3.26,4.0,108,1185086.15,291,3460155.99,52,553333.6
1843657_2025-11-14_10-D_0001843657-25-000049.txt,Carvana Auto Receivables Trust 2021-P2,10-31-2025,81753904.01,3.53,4.5,93,855703.88,248,2470748.15,45,418477.96
1903756_2025-05-15_10-D_0001903756-25-000025.txt,Carvana Auto Receivables Trust 2022-P3,04-30-2025,132645834.82,2.34,3.5,81,1509677.59,147,2513036.0,34,586850.88
1903756_2024-07-15_10-D_0001903756-24-000019.txt,Carvana Auto Receivables Trust 2022-P3,06-30-2024,189939900.38,1.29,2.5,39,851102.7,105,2050744.74,24,395352.46
1903753_2024-01-16_10-D_0001903753-24-000002.txt,Carvana Auto Receivables Trust 2022-P2,12-31-2023,335896244.62,1.44,2.5,76,1560528.33,186,3723485.69,65,1112667.07
1903756_2023-05-15_10-D_0001193125-23-144728.txt,Carvana Auto Receivables Trust 2022-P3,04-30-2023,284841496.1,0.38,2.0,28,657956.4,43,743041.34,17,340694.0
1841341_2021-12-20_10-D_0001193125-21-362347.txt,Carvana Auto Receivables Trust 2021-P1,11-30-2021,301609571.92,0.23,2.0,28,549496.76,31,529822.36,15,173873.38
1903763_2025-09-15_10-D_0001903763-25-000041.txt,Carvana Auto Receivables Trust 2022-P1,08-31-2025,242137024.91,2.85,4.0,123,1752267.4,354,5536540.98,96,1359691.48
1843657_2025-08-15_10-D_0001843657-25-000037.txt,Carvana Auto Receivables Trust 2021-P2,07-31-2025,101712079.27,3.84,4.5,142,1308825.14,311,3329001.89,57,575572.24
1843657_2022-07-15_10-D_0001193125-22-194692.txt,Carvana Auto Receivables Trust 2021-P2,06-30-2022,490004814.45,0.46,2.5,60,1199297.87,105,1814905.97,28,437718.95
1845213_2023-03-15_10-D_0001193125-23-071263.txt,Carvana Auto Receivables Trust 2021-P4,02-28-2023,649411946.3,0.6,2.5,72,1595598.47,147,2857575.0,64,1010700.48
1845213_2023-01-17_10-D_0001193125-23-009275.txt,Carvana Auto Receivables Trust 2021-P4,12-31-2022,685796721.76,0.53,2.5,130,2885373.71,135,2707536.06,57,938264.66
1845213_2025-04-15_10-D_0001845213-25-000021.txt,Carvana Auto Receivables Trust 2021-P4,03-31-2025,258655865.09,2.51,4.0,145,2099711.69,351,5269838.43,93,1227480.99
1843627_2023-11-13_10-D_0001843627-23-000012.txt,Carvana Auto Receivables Trust 2021-P3,10-31-2023,456899365.64,1.53,3.5,127,2460221.75,313,5648339.62,75,1349533.67
1843627_2024-03-15_10-D_0001843627-24-000006.txt,Carvana Auto Receivables Trust 2021-P3,02-29-2024,397587893.75,1.57,3.5,137,2362932.3,296,4983105.51,89,1240577.37
1903753_2023-01-17_10-D_0001193125-23-009271.txt,Carvana Auto Receivables Trust 2022-P2,12-31-2022,469412561.26,0.31,2.0,53,1366505.44,56,1023488.73,23,424278.52
1845213_2023-06-15_10-D_0001193125-23-167876.txt,Carvana Auto Receivables Trust 2021-P4,05-31-2023,592101944.26,0.87,2.5,68,1453206.75,205,3912346.82,74,1253984.57
1903763_2023-11-13_10-D_0001903763-23-000010.txt,Carvana Auto Receivables Trust 2022-P1,10-31-2023,580005574.53,1.14,2.5,107,2213259.13,263,5254609.09,79,1334456.39
1903756_2025-07-15_10-D_0001903756-25-000033.txt,Carvana Auto Receivables Trust 2022-P3,06-30-2025,122104049.54,2.42,3.5,52,813827.41,155,2551663.24,27,407714.6
1845213_2024-08-15_10-D_0001845213-24-000022.txt,Carvana Auto Receivables Trust 2021-P4,07-31-2024,369464678.37,2.41,3.5,156,2616044.7,403,6898063.43,124,2002338.46
1903756_2023-09-15_10-D_0001903756-23-000006.txt,Carvana Auto Receivables Trust 2022-P3,08-31-2023,253801022.34,0.0054,0.02,52,1124786.84,53,1005747.87,24,354622.07
1843657_2023-02-15_10-D_0001193125-23-040000.txt,Carvana Auto Receivables Trust 2021-P2,01-31-2023,391421622.05,0.87,2.5,60,1075621.06,144,2541747.37,50,871624.45
1843657_2023-11-13_10-D_0001843657-23-000012.txt,Carvana Auto Receivables Trust 2021-P2,10-31-2023,286525104.23,1.57,3.5,93,1443058.22,227,3503662.92,65,998474.17
1903753_2023-07-14_10-D_0001193125-23-187115.txt,Carvana Auto Receivables Trust 2022-P2,06-30-2023,398690545.39,0.73,2.5,57,1348768.77,109,2152346.89,40,740186.34
1903763_2023-02-15_10-D_0001193125-23-039992.txt,Carvana Auto Receivables Trust 2022-P1,01-31-2023,753344608.97,0.44,2.0,80,1932848.95,131,2466919.28,48,870417.2
1841341_2024-05-15_10-D_0001841341-24-000013.txt,Carvana Auto Receivables Trust 2021-P1,04-30-2024,99350463.6,1.86,4.0,37,474399.53,128,1531452.66,27,313305.94
1903753_2023-12-15_10-D_0001903753-23-000012.txt,Carvana Auto Receivables Trust 2022-P2,11-30-2023,345618334.91,1.34,2.5,72,1404072.97,184,3616820.31,62,1023560.36
1903756_2024-03-15_10-D_0001903756-24-000006.txt,Carvana Auto Receivables Trust 2022-P3,02-29-2024,215416057.23,1.2,2.5,47,1087241.06,99,1889956.38,38,700143.43
1845213_2025-05-15_10-D_0001845213-25-000025.txt,Carvana Auto Receivables Trust 2021-P4,04-30-2025,245429075.52,2.75,4.0,188,2593382.88,395,5786313.17,80,972806.6
1841341_2024-12-13_10-D_0001841341-24-000039.txt,Carvana Auto Receivables Trust 2021-P1,10-31-2024,72237273.18,2.61,4.0,81,836950.92,134,1480154.06,33,402068.82
1843627_2022-08-15_10-D_0001193125-22-221179.txt,Carvana Auto Receivables Trust 2021-P3,07-31-2022,728857589.46,0.46,2.0,121,2719881.09,128,2664810.38,36,656818.29
1903753_2023-06-15_10-D_0001193125-23-167867.txt,Carvana Auto Receivables Trust 2022-P2,05-31-2023,410803356.29,0.61,2.5,46,1048839.49,91,1852908.05,40,663460.3
1843657_2024-07-15_10-D_0001843657-24-000018.txt,Carvana Auto Receivables Trust 2021-P2,06-30-2024,207147037.07,2.25,4.0,90,1263301.58,271,3745517.26,68,910178.91
1841341_2023-06-15_10-D_0001193125-23-167894.txt,Carvana Auto Receivables Trust 2021-P1,05-31-2023,155342340.69,0.0092,0.035,25,380384.26,75,1127270.34,22,308547.75
1843657_2021-12-20_10-D_0001193125-21-362373.txt,Carvana Auto Receivables Trust 2021-P2,11-30-2021,629567233.04,0.15,2.0,27,601092.56,43,714002.6,22,238740.87
1903753_2022-07-15_10-D_0001193125-22-194694.txt,Carvana Auto Receivables Trust 2022-P2,06-30-2022,561173587.38,0.01,2.0,0,0.0,3,62000.3,0,0.0
1843627_2023-08-15_10-D_0001843627-23-000006.txt,Carvana Auto Receivables Trust 2021-P3,07-31-2023,505023124.46,1.2,2.5,113,2205847.16,258,4744605.36,79,1315551.44
1845213_2025-11-14_10-D_0001845213-25-000049.txt,Carvana Auto Receivables Trust 2021-P4,10-31-2025,174719096.88,3.06,4.0,150,1834267.86,332,4333534.51,85,1012200.96
1843627_2023-02-15_10-D_0001193125-23-039998.txt,Carvana Auto Receivables Trust 2021-P3,01-31-2023,610186009.04,0.86,2.5,111,2306708.7,225,4164762.03,68,1085201.06
1999854_2025-12-15_10-D_0001999854-25-000055.txt,Carvana Auto Receivables Trust 2024-P4,11-30-2025,419129125.39,0.65,2.2,78,1978547.91,90,2038981.57,37,703016.17
1843657_2021-11-16_10-D_0001193125-21-331221.txt,Carvana Auto Receivables Trust 2021-P2,10-31-2021,651883882.75,0.12,2.0,19,375359.1,36,574175.07,18,216867.72
1841341_2023-03-15_10-D_0001193125-23-071251.txt,Carvana Auto Receivables Trust 2021-P1,02-28-2023,174131009.48,0.0093,0.025,29,516362.48,80,1255565.05,24,363676.07
1903763_2023-06-15_10-D_0001193125-23-167874.txt,Carvana Auto Receivables Trust 2022-P1,05-31-2023,674003838.88,0.0066,0.025,96,2204916.71,154,3080600.56,73,1343245.56
1841341_2023-09-15_10-D_0001841341-23-000008.txt,Carvana Auto Receivables Trust 2021-P1,08-31-2023,138945836.64,1.41,3.5,48,655790.5,118,1611819.3,23,348895.32
1903753_2023-11-13_10-D_0001903753-23-000010.txt,Carvana Auto Receivables Trust 2022-P2,10-31-2023,355231822.6,1.29,2.5,67,1516061.75,176,3386191.05,66,1213023.73
2037955_2025-12-15_10-D_0002037955-25-000026.txt,Carvana Auto Receivables Trust 2025-P2,11-30-2025,541062688.14,0.33,2.2,61,1717229.5,61,1296912.31,20,474942.29
1903756_2024-09-13_10-D_0001903756-24-000027.txt,Carvana Auto Receivables Trust 2022-P3,08-31-2024,178087743.66,1.76,2.5,67,1389935.25,131,2369764.13,42,758588.65
1999671_2024-11-15_10-D_0001999671-24-000029.txt,Carvana Auto Receivables Trust 2024-P2,10-31-2024,423889479.87,0.16,2.2,24,570650.11,27,443176.32,15,256089.34
1843627_2025-07-15_10-D_0001843627-25-000033.txt,Carvana Auto Receivables Trust 2021-P3,06-30-2025,188028019.2,3.06,4.0,182,2038793.07,364,4824102.1,82,931470.59
1845213_2025-03-14_10-D_0001845213-25-000014.txt,Carvana Auto Receivables Trust 2021-P4,02-28-2025,272620669.09,2.56,4.0,123,1854356.68,371,5651206.62,93,1316258.47
1903756_2023-12-15_10-D_0001903756-23-000012.txt,Carvana Auto Receivables Trust 2022-P3,11-30-2023,234404423.55,0.94,2.5,34,698789.25,88,1716996.52,32,477712.8
1903756_2025-09-15_10-D_0001903756-25-000041.txt,Carvana Auto Receivables Trust 2022-P3,08-31-2025,111864753.92,2.7,3.5,61,992505.28,150,2450358.84,43,570341.75
1845213_2022-05-16_10-D_0001193125-22-151674.txt,Carvana Auto Receivables Trust 2021-P4,04-30-2022,886112988.27,0.13,2.0,20,436222.83,44,830374.59,23,334903.94
1999856_2026-01-15_10-D_0001999856-26-000004.txt,Carvana Auto Receivables Trust 2024-P3,12-31-2025,370492877.59,1.28,2.75,87,2053085.24,156,3697888.92,46,1029012.29
1845213_2023-02-15_10-D_0001193125-23-039993.txt,Carvana Auto Receivables Trust 2021-P4,01-31-2023,666859394.15,0.69,2.5,91,2138056.92,183,3424797.06,62,1160883.6
1843627_2024-11-15_10-D_0001843627-24-000034.txt,Carvana Auto Receivables Trust 2021-P3,10-31-2024,284557498.2,2.44,4.0,209,2899058.0,377,5748055.48,86,1185297.22
2037952_2026-01-15_10-D_0002037952-26-000004.txt,Carvana Auto Receivables Trust 2025-P4,12-31-2025,884902010.36,0.01,2.2,3,84738.89,4,41449.94,1,18885.7
1903753_2022-10-14_10-D_0001193125-22-263002.txt,Carvana Auto Receivables Trust 2022-P2,09-30-2022,509925892.88,0.19,2.0,9,193585.46,39,709312.65,18,272708.51
1843627_2025-04-15_10-D_0001843627-25-000021.txt,Carvana Auto Receivables Trust 2021-P3,03-31-2025,222328798.88,2.63,4.0,148,1906366.37,354,4897086.89,76,941399.18
1841341_2023-08-15_10-D_0001841341-23-000006.txt,Carvana Auto Receivables Trust 2021-P1,07-31-2023,144342942.27,1.24,3.5,30,432795.8,105,1471180.43,24,322225.85
1843627_2022-01-19_10-D_0001193125-22-012499.txt,Carvana Auto Receivables Trust 2021-P3,12-31-2021,921619924.38,0.12,2.0,20,473357.92,51,789661.24,16,273287.6
1903753_2025-02-14_10-D_0001903753-25-000008.txt,Carvana Auto Receivables Trust 2022-P2,01-31-2025,212299115.25,2.49,3.5,144,2419485.6,248,4285639.64,58,997280.57
1999856_2025-01-15_10-D_0001999856-25-000004.txt,Carvana Auto Receivables Trust 2024-P3,12-31-2024,555511515.58,0.15,2.2,2,37378.77,34,691206.96,10,165381.92
1903753_2022-12-15_10-D_0001193125-22-305770.txt,Carvana Auto Receivables Trust 2022-P2,11-30-2022,482044296.96,0.23,2.0,38,948722.28,43,919348.1,11,189331.1
1845213_2022-08-15_10-D_0001193125-22-221166.txt,Carvana Auto Receivables Trust 2021-P4,07-31-2022,798550392.2,0.22,2.0,124,2973721.4,69,1285690.16,30,481880.48
1903756_2023-03-15_10-D_0001193125-23-071269.txt,Carvana Auto Receivables Trust 2022-P3,02-28-2023,300241818.9,0.32,2.0,10,208631.27,29,538027.3,22,421221.33
1999854_2025-02-14_10-D_0001999854-25-000011.txt,Carvana Auto Receivables Trust 2024-P4,01-31-2025,581340267.7,0.07,2.2,0,0.0,21,400183.23,0,0.0
1845213_2022-07-15_10-D_0001193125-22-194626.txt,Carvana Auto Receivables Trust 2021-P4,06-30-2022,824703113.94,0.18,2.0,69,1598441.37,62,1145324.68,23,309934.73
1845213_2024-12-13_10-D_0001845213-24-000038.txt,Carvana Auto Receivables Trust 2021-P4,10-31-2024,326004640.48,2.36,3.5,213,3290790.76,402,6518351.4,83,1179047.91
1843627_2022-04-14_10-D_0001193125-22-105610.txt,Carvana Auto Receivables Trust 2021-P3,03-31-2022,831811494.05,0.0022,0.02,53,1251699.26,59,1281686.37,35,511713.29
1903756_2025-02-14_10-D_0001903756-25-000008.txt,Carvana Auto Receivables Trust 2022-P3,01-31-2025,149415236.33,2.13,3.5,99,1815350.23,153,2582071.81,38,603863.35
1843627_2024-12-13_10-D_0001843627-24-000038.txt,Carvana Auto Receivables Trust 2021-P3,10-31-2024,284557498.2,2.44,4.0,209,2899058.0,377,5748055.48,86,1185297.22
1845213_2024-05-15_10-D_0001845213-24-000012.txt,Carvana Auto Receivables Trust 2021-P4,04-30-2024,412761398.05,0.0167,0.035,109,2000737.85,326,5787057.37,75,1102264.89
1841341_2026-01-15_10-D_0001841341-26-000004.txt,Carvana Auto Receivables Trust 2021-P1,12-31-2025,24907619.71,4.2,4.5,38,244724.62,128,905940.36,20,141104.11
1999854_2025-08-15_10-D_0001999854-25-000039.txt,Carvana Auto Receivables Trust 2024-P4,07-31-2025,476765375.51,0.48,2.2,164,3998173.35,74,1616921.81,36,679406.36
2037956_2026-01-15_10-D_0002037956-26-000004.txt,Carvana Auto Receivables Trust 2025-P1,12-31-2025,420468475.78,0.61,2.2,100,2438422.33,97,1925091.39,36,628780.78
1843657_2024-11-15_10-D_0001843657-24-000034.txt,Carvana Auto Receivables Trust 2021-P2,10-31-2024,171881631.68,2.75,4.0,154,1872035.99,305,3989046.84,60,730185.87
1903763_2022-05-16_10-D_0001193125-22-151766.txt,Carvana Auto Receivables Trust 2022-P1,04-30-2022,979792892.01,0.02,2.0,3,83155.83,8,172433.08,1,15312.52
1903753_2025-07-15_10-D_0001903753-25-000033.txt,Carvana Auto Receivables Trust 2022-P2,06-30-2025,169594514.52,3.09,4.0,104,1618554.62,269,4270191.71,70,969581.65
1903753_2024-06-14_10-D_0001903753-24-000014.txt,Carvana Auto Receivables Trust 2022-P2,05-31-2024,284971591.62,1.68,3.5,69,1308573.92,201,3693640.45,59,1090709.45
1903763_2023-01-17_10-D_0001193125-23-009278.txt,Carvana Auto Receivables Trust 2022-P1,12-31-2022,772766410.59,0.38,2.0,95,2281683.92,111,2264267.83,44,709915.41
2037953_2025-12-15_10-D_0002037953-25-000014.txt,Carvana Auto Receivables Trust 2025-P3,11-30-2025,927284914.9,0.08,2.2,32,1076054.35,28,583076.48,11,181374.34
1999856_2024-10-15_10-D_0001999856-24-000028.txt,Carvana Auto Receivables Trust 2024-P3,09-30-2024,614041025.27,0.0,2.2,0,0.0,0,0.0,0,0.0
1843657_2024-03-15_10-D_0001843657-24-000006.txt,Carvana Auto Receivables Trust 2021-P2,02-29-2024,246435716.56,1.83,3.5,85,1223139.46,238,3687585.38,58,826621.78
2037956_2025-11-14_10-D_0002037956-25-000033.txt,Carvana Auto Receivables Trust 2025-P1,10-31-2025,449002895.02,0.41,2.2,142,3583580.18,68,1313874.32,23,520777.67
1903763_2024-12-13_10-D_0001903763-24-000038.txt,Carvana Auto Receivables Trust 2022-P1,10-31-2024,383692897.87,0.0194,0.035,257,4519671.85,349,6234794.97,73,1204552.11
1841341_2022-05-16_10-D_0001193125-22-151738.txt,Carvana Auto Receivables Trust 2021-P1,04-30-2022,248459949.17,0.46,2.5,22,431041.97,52,896679.97,16,245160.07
1845213_2024-03-15_10-D_0001845213-24-000006.txt,Carvana Auto Receivables Trust 2021-P4,02-29-2024,444295129.26,1.58,3.5,148,2885751.71,311,5628550.51,83,1369370.5
1841341_2024-02-15_10-D_0001841341-24-000005.txt,Carvana Auto Receivables Trust 2021-P1,01-31-2024,113835556.08,0.017,0.035,42,530949.06,131,1567721.82,31,372922.12
1903753_2022-08-15_10-D_0001193125-22-221183.txt,Carvana Auto Receivables Trust 2022-P2,07-31-2022,543853274.05,0.07,2.0,5,107268.67,19,308830.08,3,62000.3
1843657_2022-01-19_10-D_0001193125-22-012518.txt,Carvana Auto Receivables Trust 2021-P2,12-31-2021,608479347.76,0.16,2.0,55,1235808.57,41,700447.64,18,284085.77
1903756_2024-11-15_10-D_0001903756-24-000035.txt,Carvana Auto Receivables Trust 2022-P3,10-31-2024,165861526.09,1.82,3.5,76,1448868.75,125,2346500.77,42,668936.86
1903753_2024-09-13_10-D_0001903753-24-000026.txt,Carvana Auto Receivables Trust 2022-P2,08-31-2024,256916289.75,1.91,3.5,132,2408071.3,217,3900406.8,67,1014056.13
1903763_2022-06-15_10-D_0001193125-22-174565.txt,Carvana Auto Receivables Trust 2022-P1,05-31-2022,948181170.83,0.06,2.0,12,253840.91,25,484612.25,6,118731.93
1903763_2022-10-14_10-D_0001193125-22-262999.txt,Carvana Auto Receivables Trust 2022-P1,09-30-2022,837681624.96,0.23,2.0,101,2503722.8,63,1206816.66,37,709866.85
1841341_2021-09-16_10-D_0001193125-21-275105.txt,Carvana Auto Receivables Trust 2021-P1,08-31-2021,334643360.32,0.12,2.0,11,187885.67,27,305223.24,10,82410.06
1843657_2025-09-15_10-D_0001843657-25-000041.txt,Carvana Auto Receivables Trust 2021-P2,08-31-2025,94916460.68,3.78,4.5,92,832414.17,286,2948481.32,68,644098.59
1903753_2024-04-15_10-D_0001903753-24-000010.txt,Carvana Auto Receivables Trust 2022-P2,03-31-2024,304900834.06,1.45,2.5,55,1112253.18,176,3461241.7,54,951480.05
1845213_2022-10-14_10-D_0001193125-22-262997.txt,Carvana Auto Receivables Trust 2021-P4,09-30-2022,747828090.23,0.3,2.0,163,3738550.09,84,1648400.24,36,631456.93
1841341_2022-10-14_10-D_0001193125-22-262982.txt,Carvana Auto Receivables Trust 2021-P1,09-30-2022,206107506.1,0.53,2.5,60,952860.77,54,938683.44,11,143954.36
1843627_2025-02-14_10-D_0001843627-25-000008.txt,Carvana Auto Receivables Trust 2021-P3,01-31-2025,247145499.46,2.91,4.0,186,2611610.99,403,5872474.91,103,1325851.02
1843627_2023-04-14_10-D_0001193125-23-101895.txt,Carvana Auto Receivables Trust 2021-P3,03-31-2023,574104716.99,0.76,2.5,90,1824531.61,179,3479964.26,53,861397.06
1903763_2025-06-13_10-D_0001903763-25-000029.txt,Carvana Auto Receivables Trust 2022-P1,05-31-2025,282457104.22,2.4,4.0,193,3111395.03,333,5489204.42,96,1296598.71
1903753_2023-05-15_10-D_0001193125-23-144738.txt,Carvana Auto Receivables Trust 2022-P2,04-30-2023,422190167.04,0.54,2.0,45,1068149.14,89,1845037.62,27,433866.92
1843657_2025-04-15_10-D_0001843657-25-000021.txt,Carvana Auto Receivables Trust 2021-P2,03-31-2025,131135553.6,3.02,4.0,110,1238794.76,275,3335187.56,54,620868.51
1843627_2024-08-15_10-D_0001843627-24-000022.txt,Carvana Auto Receivables Trust 2021-P3,07-31-2024,325084310.82,2.49,3.5,137,2198143.91,394,6274478.6,124,1835096.39
1843627_2025-08-15_10-D_0001843627-25-000037.txt,Carvana Auto Receivables Trust 2021-P3,07-31-2025,176370705.4,3.06,4.0,202,2340841.12,354,4469123.49,75,924669.36
1999854_2025-02-12_10-D_0001999854-25-000007.txt,Carvana Auto Receivables Trust 2024-P4,12-31-2024,600374996.45,0.0,2.2,0,0.0,0,0.0,0,0.0
1903763_2023-03-15_10-D_0001193125-23-071266.txt,Carvana Auto Receivables Trust 2022-P1,02-28-2023,734454781.49,0.53,2.0,70,1633800.48,135,2911767.42,59,955203.03
1845213_2022-04-14_10-D_0001193125-22-105624.txt,Carvana Auto Receivables Trust 2021-P4,03-31-2022,919625456.84,0.15,2.0,15,358131.93,38,643117.44,36,701401.76
1999856_2025-08-15_10-D_0001999856-25-000037.txt,Carvana Auto Receivables Trust 2024-P3,07-31-2025,437424039.51,0.74,2.2,154,3711170.63,116,2532832.19,39,699509.33
1843627_2022-05-16_10-D_0001193125-22-151769.txt,Carvana Auto Receivables Trust 2021-P3,04-30-2022,804290372.68,0.25,2.0,46,1071505.73,88,1663131.35,20,344547.35
1903763_2024-02-15_10-D_0001903763-24-000004.txt,Carvana Auto Receivables Trust 2022-P1,01-31-2024,529651120.07,1.52,2.5,121,2561715.26,314,6233268.79,97,1814963.88
1841341_2021-11-16_10-D_0001193125-21-331205.txt,Carvana Auto Receivables Trust 2021-P1,10-31-2021,312442039.6,0.18,2.0,19,352411.98,27,424568.44,16,151006.17
1841341_2023-05-15_10-D_0001193125-23-144743.txt,Carvana Auto Receivables Trust 2021-P1,04-30-2023,161231156.75,0.87,3.5,27,362811.15,80,1164596.18,15,230166.45
1999856_2025-03-14_10-D_0001999856-25-000014.txt,Carvana Auto Receivables Trust 2024-P3,02-28-2025,521355063.59,0.31,2.2,33,759600.08,45,985424.88,34,656100.09
1841341_2025-03-14_10-D_0001841341-25-000014.txt,Carvana Auto Receivables Trust 2021-P1,02-28-2025,56497115.14,2.36,4.0,50,481525.81,112,1124988.49,21,207970.94
2037955_2025-07-15_10-D_0002037955-25-000006.txt,Carvana Auto Receivables Trust 2025-P2,06-30-2025,628863053.84,0.0,2.2,0,0.0,0,0.0,0,0.0
1903756_2024-10-15_10-D_0001903756-24-000031.txt,Carvana Auto Receivables Trust 2022-P3,09-30-2024,172252122.73,1.82,3.5,86,1599933.12,122,2302350.06,51,831725.77
1841341_2022-12-15_10-D_0001193125-22-305763.txt,Carvana Auto Receivables Trust 2021-P1,11-30-2022,192851802.64,0.63,2.5,41,632186.66,60,920576.34,19,286092.38
1841341_2023-12-15_10-D_0001841341-23-000014.txt,Carvana Auto Receivables Trust 2021-P1,11-30-2023,123661790.79,1.48,3.5,48,687170.9,113,1453859.0,30,370158.19
1903753_2025-12-15_10-D_0001903753-25-000053.txt,Carvana Auto Receivables Trust 2022-P2,11-30-2025,131721015.38,2.91,4.0,70,969302.7,212,3067630.58,58,769103.72
1841341_2025-11-14_10-D_0001841341-25-000049.txt,Carvana Auto Receivables Trust 2021-P1,10-31-2025,30133930.76,3.51,4.5,52,377446.31,119,953343.99,19,105450.71
2037953_2025-10-15_10-D_0002037953-25-000005.txt,Carvana Auto Receivables Trust 2025-P3,09-30-2025,981377827.59,0.0001,0.022,0,0.0,2,51960.78,0,0.0
1843627_2023-09-15_10-D_0001843627-23-000008.txt,Carvana Auto Receivables Trust 2021-P3,08-31-2023,487789785.5,0.013,0.025,144,2679114.18,275,5073215.86,73,1291191.58
1841341_2024-07-15_10-D_0001841341-24-000019.txt,Carvana Auto Receivables Trust 2021-P1,06-30-2024,89909073.66,2.33,4.0,32,356551.38,145,1725349.3,36,373491.29
1843657_2024-08-15_10-D_0001843657-24-000022.txt,Carvana Auto Receivables Trust 2021-P2,07-31-2024,197847560.34,2.3,4.0,110,1514598.28,284,3801866.58,58,755457.03
1843627_2023-01-17_10-D_0001193125-23-009274.txt,Carvana Auto Receivables Trust 2021-P3,12-31-2022,626877554.2,0.74,2.5,109,2162763.86,200,3732767.11,53,898797.59
1903763_2024-05-15_10-D_0001903763-24-000012.txt,Carvana Auto Receivables Trust 2022-P1,04-30-2024,478091682.78,1.53,3.5,112,2289047.93,301,5857946.67,81,1449594.93
1903763_2024-06-14_10-D_0001903763-24-000014.txt,Carvana Auto Receivables Trust 2022-P1,05-31-2024,461721488.2,1.58,3.5,103,2104690.79,304,5822771.68,85,1477981.6
1903756_2025-04-15_10-D_0001903756-25-000021.txt,Carvana Auto Receivables Trust 2022-P3,03-31-2025,137940642.92,2.12,3.5,55,978733.37,132,2346415.48,36,584537.09
1999671_2025-03-14_10-D_0001999671-25-000014.txt,Carvana Auto Receivables Trust 2024-P2,02-28-2025,375671742.32,0.41,2.2,79,2003533.66,50,977248.65,33,556067.75
1845213_2022-01-19_10-D_0001193125-22-012527.txt,Carvana Auto Receivables Trust 2021-P4,12-31-2021,1029204872.26,0.0,2.0,0,0.0,0,0.0,0,0.0
1843627_2025-09-15_10-D_0001843627-25-000041.txt,Carvana Auto Receivables Trust 2021-P3,08-31-2025,165272695.34,0.0314,0.04,129,1414060.44,361,4359306.52,73,837862.79
1845213_2025-10-15_10-D_0001845213-25-000045.txt,Carvana Auto Receivables Trust 2021-P4,09-30-2025,186133212.55,3.07,4.0,125,1596842.21,338,4535177.87,98,1187354.7
1903763_2025-02-14_10-D_0001903763-25-000008.txt,Carvana Auto Receivables Trust 2022-P1,01-31-2025,339465047.44,2.13,3.5,183,3237952.24,339,5773387.07,91,1452310.43
1903756_2026-01-15_10-D_0001903756-26-000004.txt,Carvana Auto Receivables Trust 2022-P3,12-31-2025,93176899.42,2.66,4.0,45,683335.51,137,2096607.12,32,384455.43
1999671_2025-12-15_10-D_0001999671-25-000053.txt,Carvana Auto Receivables Trust 2024-P2,11-30-2025,274624676.74,1.18,2.75,72,1601442.38,116,2386822.09,41,847370.04
1845213_2025-06-13_10-D_0001845213-25-000029.txt,Carvana Auto Receivables Trust 2021-P4,05-31-2025,232541634.2,0.0274,0.04,191,2647436.35,380,5345668.96,82,1021108.65
1903753_2022-09-15_10-D_0001193125-22-245540.txt,Carvana Auto Receivables Trust 2022-P2,08-31-2022,525585944.99,0.15,2.0,11,312581.73,30,546839.91,16,235252.24
2037956_2025-08-15_10-D_0002037956-25-000021.txt,Carvana Auto Receivables Trust 2025-P1,07-31-2025,497325002.11,0.3,2.2,25,558875.59,52,995977.65,24,503620.87
1903756_2022-11-15_10-D_0001193125-22-285685.txt,Carvana Auto Receivables Trust 2022-P3,10-31-2022,333964265.68,0.09,2.0,3,73266.1,15,284301.36,1,9723.18
1845213_2024-06-14_10-D_0001845213-24-000014.txt,Carvana Auto Receivables Trust 2021-P4,05-31-2024,397889651.66,1.89,3.5,112,1862646.0,352,6207462.28,81,1293558.2
1841341_2025-08-15_10-D_0001841341-25-000037.txt,Carvana Auto Receivables Trust 2021-P1,07-31-2025,39389098.41,3.48,4.5,68,462806.25,124,1029997.56,35,342255.42
1999671_2025-08-15_10-D_0001999671-25-000037.txt,Carvana Auto Receivables Trust 2024-P2,07-31-2025,314396445.58,0.89,2.75,134,3222492.72,86,1885425.56,46,903696.37
1841341_2021-06-17_10-D_0001193125-21-193175.txt,Carvana Auto Receivables Trust 2021-P1,05-31-2021,372938659.86,0.06,2.0,5,96296.32,9,112804.18,9,127761.72
1843657_2025-12-15_10-D_0001843657-25-000053.txt,Carvana Auto Receivables Trust 2021-P2,11-30-2025,75997041.42,4.02,4.5,73,577959.08,262,2563324.93,56,489118.59
1903753_2026-01-15_10-D_0001903753-26-000004.txt,Carvana Auto Receivables Trust 2022-P2,12-31-2025,124669078.49,3.36,4.0,67,882891.32,236,3428614.35,64,757397.47
1903756_2024-12-13_10-D_0001903756-24-000039.txt,Carvana Auto Receivables Trust 2022-P3,10-31-2024,165861526.09,1.82,3.5,76,1448868.75,125,2346500.77,42,668936.86
1903756_2023-10-16_10-D_0001903756-23-000008.txt,Carvana Auto Receivables Trust 2022-P3,09-30-2023,246749523.16,0.62,2.5,46,1091006.91,53,1057347.2,27,468095.17
1843627_2023-07-14_10-D_0001193125-23-187110.txt,Carvana Auto Receivables Trust 2021-P3,06-30-2023,521660871.67,1.09,2.5,73,1458769.89,235,4570176.35,66,1124215.18
1845213_2023-08-15_10-D_0001845213-23-000004.txt,Carvana Auto Receivables Trust 2021-P4,07-31-2023,557073674.12,1.07,2.5,121,2405336.0,237,4560434.03,88,1425562.67
1843627_2024-09-13_10-D_0001843627-24-000026.txt,Carvana Auto Receivables Trust 2021-P3,08-31-2024,310874253.72,2.26,3.5,203,3028776.6,379,5842851.67,81,1179100.29
1903753_2025-08-15_10-D_0001903753-25-000037.txt,Carvana Auto Receivables Trust 2022-P2,07-31-2025,161283106.33,2.92,4.0,160,2432050.8,239,3743393.27,80,973871.12
1999856_2025-02-14_10-D_0001999856-25-000008.txt,Carvana Auto Receivables Trust 2024-P3,01-31-2025,538251034.99,0.25,2.2,25,759473.72,43,923140.36,25,441800.62
1845213_2024-02-15_10-D_0001845213-24-000004.txt,Carvana Auto Receivables Trust 2021-P4,01-31-2024,459619409.81,1.7,3.5,139,2592181.57,329,6005395.76,101,1792879.12
1841341_2025-12-15_10-D_0001841341-25-000053.txt,Carvana Auto Receivables Trust 2021-P1,11-30-2025,27549535.68,4.2,4.5,26,183912.88,131,963572.97,27,194736.05
1841341_2024-01-16_10-D_0001841341-24-000003.txt,Carvana Auto Receivables Trust 2021-P1,12-31-2023,118767846.48,1.64,3.5,32,433341.09,134,1716793.12,20,229478.46
1843627_2026-01-15_10-D_0001843627-26-000004.txt,Carvana Auto Receivables Trust 2021-P3,12-31-2025,126646482.11,3.47,4.5,111,1137800.76,333,3694676.18,78,695263.01
1843657_2024-09-13_10-D_0001843657-24-000026.txt,Carvana Auto Receivables Trust 2021-P2,08-31-2024,188807814.33,2.53,4.0,127,1746369.0,303,4044791.49,65,725302.93
1903763_2025-08-15_10-D_0001903763-25-000037.txt,Carvana Auto Receivables Trust 2022-P1,07-31-2025,255358767.88,2.82,4.0,217,3185197.25,363,5824080.84,100,1382440.66
1903753_2025-06-13_10-D_0001903753-25-000029.txt,Carvana Auto Receivables Trust 2022-P2,05-31-2025,177556677.33,2.67,4.0,132,1961707.58,238,3797294.95,65,943999.88
1845213_2023-11-13_10-D_0001845213-23-000010.txt,Carvana Auto Receivables Trust 2021-P4,10-31-2023,505954818.27,1.34,2.5,137,2726025.94,284,5397467.2,81,1399987.35
1841341_2021-04-27_10-D_0001193125-21-134427.txt,Carvana Auto Receivables Trust 2021-P1,03-31-2021,399160228.74,0.03,2.0,0,0.0,3,111380.77,0,0.0
2037955_2025-08-15_10-D_0002037955-25-000010.txt,Carvana Auto Receivables Trust 2025-P2,07-31-2025,608202956.7,0.0005,0.022,0,0.0,9,296141.39,0,0.0
1999671_2024-07-15_10-D_0001999671-24-000010.txt,Carvana Auto Receivables Trust 2024-P2,06-30-2024,484851384.42,0.02,2.2,0,0.0,3,80178.54,0,0.0
1845213_2025-01-15_10-D_0001845213-25-000004.txt,Carvana Auto Receivables Trust 2021-P4,12-31-2024,299080718.2,0.0274,0.04,193,2983629.41,441,6817731.13,101,1379006.25
1841341_2021-05-18_10-D_0001193125-21-164006.txt,Carvana Auto Receivables Trust 2021-P1,04-30-2021,386176479.9,0.05,2.0,3,61165.72,10,175365.19,0,0.0
1903753_2024-08-15_10-D_0001903753-24-000022.txt,Carvana Auto Receivables Trust 2022-P2,07-31-2024,266189936.95,1.89,3.5,101,1992179.01,213,3640671.09,78,1390989.14
1999671_2025-09-15_10-D_0001999671-25-000041.txt,Carvana Auto Receivables Trust 2024-P2,08-31-2025,304001434.03,0.95,2.75,84,1839912.39,107,2155164.82,37,723886.75
1903753_2023-02-15_10-D_0001193125-23-039989.txt,Carvana Auto Receivables Trust 2022-P2,01-31-2023,457885039.02,0.42,2.0,50,1243631.41,69,1426336.06,31,477394.54
1841341_2023-07-14_10-D_0001193125-23-187105.txt,Carvana Auto Receivables Trust 2021-P1,06-30-2023,149631954.59,1.09,3.5,18,263918.26,93,1328632.77,21,303180.84
1843627_2023-06-15_10-D_0001193125-23-167892.txt,Carvana Auto Receivables Trust 2021-P3,05-31-2023,539146613.59,0.96,2.5,84,1656842.19,220,4206106.16,59,995133.74
1903763_2024-01-16_10-D_0001903763-24-000002.txt,Carvana Auto Receivables Trust 2022-P1,12-31-2023,546847760.26,1.53,2.5,104,2140910.95,309,6341785.53,118,1999169.71
1845213_2022-09-15_10-D_0001193125-22-245529.txt,Carvana Auto Receivables Trust 2021-P4,08-31-2022,772400441.16,0.34,2.0,121,2875023.55,98,1984228.25,38,628301.18
1903763_2024-10-15_10-D_0001903763-24-000030.txt,Carvana Auto Receivables Trust 2022-P1,09-30-2024,399570663.03,1.92,3.5,213,3921207.46,322,6023167.11,96,1660125.0
1903756_2024-08-15_10-D_0001903756-24-000023.txt,Carvana Auto Receivables Trust 2022-P3,07-31-2024,184130007.94,1.69,2.5,48,969301.61,127,2490826.02,33,623323.05
1843657_2024-12-13_10-D_0001843657-24-000038.txt,Carvana Auto Receivables Trust 2021-P2,10-31-2024,171881631.68,0.0275,0.04,154,1872035.99,305,3989046.84,60,730185.87
1845213_2024-01-16_10-D_0001845213-24-000002.txt,Carvana Auto Receivables Trust 2021-P4,12-31-2023,475149878.01,1.6,3.5,112,2106786.34,308,5808753.33,104,1786289.54
2037956_2025-09-15_10-D_0002037956-25-000025.txt,Carvana Auto Receivables Trust 2025-P1,08-31-2025,480594107.28,0.0026,0.022,24,439327.96,44,778644.92,25,488579.5
1845213_2024-10-15_10-D_0001845213-24-000030.txt,Carvana Auto Receivables Trust 2021-P4,09-30-2024,340481824.95,2.41,3.5,199,3149477.49,404,6701552.16,101,1516413.91
1903756_2025-10-15_10-D_0001903756-25-000046.txt,Carvana Auto Receivables Trust 2022-P3,09-30-2025,106986075.37,2.57,4.0,54,814784.15,129,2161238.62,40,588808.95
2037953_2026-01-15_10-D_0002037953-26-000004.txt,Carvana Auto Receivables Trust 2025-P3,12-31-2025,899430692.07,0.14,2.2,7,224636.65,51,896188.52,20,402587.63
1843657_2023-08-15_10-D_0001843657-23-000006.txt,Carvana Auto Receivables Trust 2021-P2,07-31-2023,318293078.14,1.26,3.5,99,1695890.34,200,3256252.89,58,763448.97
1903763_2025-04-15_10-D_0001903763-25-000021.txt,Carvana Auto Receivables Trust 2022-P1,03-31-2025,310312275.37,2.09,4.0,156,2567366.0,318,5342135.89,77,1131815.25
1845213_2024-04-15_10-D_0001845213-24-000010.txt,Carvana Auto Receivables Trust 2021-P4,03-31-2024,428025061.24,1.52,3.5,112,2038150.83,302,5326721.92,79,1173817.4
1999856_2025-07-15_10-D_0001999856-25-000033.txt,Carvana Auto Receivables Trust 2024-P3,06-30-2025,453892331.44,0.51,2.2,141,3568008.92,90,1879154.88,28,448072.1
1843627_2025-05-15_10-D_0001843627-25-000025.txt,Carvana Auto Receivables Trust 2021-P3,04-30-2025,210781328.86,3.0,4.0,171,2253611.35,399,5447933.73,75,866723.95
1999854_2025-10-15_10-D_0001999854-25-000047.txt,Carvana Auto Receivables Trust 2024-P4,09-30-2025,447722533.38,0.5,2.2,78,1986168.01,74,1459556.0,36,775480.3
1841341_2025-01-15_10-D_0001841341-25-000004.txt,Carvana Auto Receivables Trust 2021-P1,12-31-2024,64248773.57,2.9,4.0,56,550477.08,139,1468340.86,35,394203.66
1903763_2022-09-15_10-D_0001193125-22-245534.txt,Carvana Auto Receivables Trust 2022-P1,08-31-2022,862314994.34,0.0021,0.02,67,1675355.3,65,1214712.53,33,581466.02
1843657_2022-12-15_10-D_0001193125-22-305789.txt,Carvana Auto Receivables Trust 2021-P2,11-30-2022,415605503.96,0.72,2.5,88,1752830.03,127,2366620.6,33,615929.87
1999671_2025-02-14_10-D_0001999671-25-000008.txt,Carvana Auto Receivables Trust 2024-P2,01-31-2025,387164691.67,0.43,2.2,163,4026128.17,63,1276385.23,20,391296.03
1903753_2023-08-15_10-D_0001903753-23-000004.txt,Carvana Auto Receivables Trust 2022-P2,07-31-2023,387328531.35,0.79,2.5,72,1698733.26,100,2063158.09,59,1002891.77
1843627_2022-10-14_10-D_0001193125-22-262994.txt,Carvana Auto Receivables Trust 2021-P3,09-30-2022,683142696.39,0.44,2.5,153,3408379.37,114,2207967.76,48,805983.56
1841341_2025-07-15_10-D_0001841341-25-000033.txt,Carvana Auto Receivables Trust 2021-P1,06-30-2025,42642850.06,3.27,4.5,48,385372.68,135,1185927.93,22,207023.27
1999856_2025-12-15_10-D_0001999856-25-000053.txt,Carvana Auto Receivables Trust 2024-P3,11-30-2025,383002878.7,1.04,2.75,96,2306702.51,125,2963073.18,62,1033652.43
1843657_2025-01-15_10-D_0001843657-25-000004.txt,Carvana Auto Receivables Trust 2021-P2,12-31-2024,155383784.15,3.11,4.0,127,1425730.0,328,4078517.21,68,756522.72
1843627_2024-01-16_10-D_0001843627-24-000002.txt,Carvana Auto Receivables Trust 2021-P3,12-31-2023,427974393.28,1.86,3.5,122,2255737.18,357,6367930.28,101,1613765.31
1841341_2022-07-15_10-D_0001193125-22-194690.txt,Carvana Auto Receivables Trust 2021-P1,06-30-2022,230452384.41,0.64,2.5,41,733869.27,69,1151679.61,19,316073.08
1843657_2023-10-16_10-D_0001843657-23-000010.txt,Carvana Auto Receivables Trust 2021-P2,09-30-2023,296530660.92,1.39,3.5,78,1267339.91,215,3323957.78,50,802011.26
1841341_2022-02-15_10-D_0001193125-22-043410.txt,Carvana Auto Receivables Trust 2021-P1,01-31-2022,279405045.51,0.38,2.0,35,632997.33,43,760812.75,18,294227.71
1841341_2023-01-17_10-D_0001193125-23-009264.txt,Carvana Auto Receivables Trust 2021-P1,12-31-2022,186383974.88,0.6,2.5,35,594989.41,56,801352.66,22,318933.08
1843657_2024-05-15_10-D_0001843657-24-000012.txt,Carvana Auto Receivables Trust 2021-P2,04-30-2024,225852346.64,1.99,3.5,62,855833.37,263,3790870.37,46,700043.39
1843627_2022-02-15_10-D_0001193125-22-043391.txt,Carvana Auto Receivables Trust 2021-P3,01-31-2022,891933976.85,0.17,2.0,35,847063.03,62,1124205.74,27,356303.97
1903763_2024-03-15_10-D_0001903763-24-000006.txt,Carvana Auto Receivables Trust 2022-P1,02-29-2024,512744395.69,1.44,2.5,145,3024898.77,302,5837651.12,89,1568053.85
1843657_2023-01-17_10-D_0001193125-23-009280.txt,Carvana Auto Receivables Trust 2021-P2,12-31-2022,403792150.75,0.77,2.5,91,1685786.81,137,2385030.76,37,724789.06
1841341_2024-04-15_10-D_0001841341-24-000011.txt,Carvana Auto Receivables Trust 2021-P1,03-31-2024,104099339.94,0.0161,0.04,44,524304.68,119,1410678.41,22,262750.66
1843627_2024-07-15_10-D_0001843627-24-000018.txt,Carvana Auto Receivables Trust 2021-P3,06-30-2024,339248599.19,2.37,3.5,109,1701622.11,400,6577897.86,98,1445665.23
1999671_2025-07-15_10-D_0001999671-25-000033.txt,Carvana Auto Receivables Trust 2024-P2,06-30-2025,326658642.23,0.94,2.75,111,2442464.16,99,2172101.81,42,896878.91
1843657_2024-02-15_10-D_0001843657-24-000004.txt,Carvana Auto Receivables Trust 2021-P2,01-31-2024,256398027.06,1.83,3.5,89,1358075.6,259,3840499.86,56,848554.31
1999856_2025-05-15_10-D_0001999856-25-000025.txt,Carvana Auto Receivables Trust 2024-P3,04-30-2025,486162509.36,0.42,2.2,142,3894651.82,67,1460921.77,29,571280.07
1843657_2025-02-14_10-D_0001843657-25-000008.txt,Carvana Auto Receivables Trust 2021-P2,01-31-2025,147253314.83,3.14,4.0,125,1378608.04,320,4087521.65,53,537019.44
1845213_2022-06-15_10-D_0001193125-22-174570.txt,Carvana Auto Receivables Trust 2021-P4,05-31-2022,854703863.95,0.17,2.0,29,764045.19,50,916376.03,31,544816.61
2037956_2025-07-15_10-D_0002037956-25-000017.txt,Carvana Auto Receivables Trust 2025-P1,06-30-2025,515197224.08,0.21,2.2,11,176612.43,35,754949.27,18,304302.5
1903756_2022-12-15_10-D_0001193125-22-305781.txt,Carvana Auto Receivables Trust 2022-P3,11-30-2022,324725663.0,0.13,2.0,1,19737.97,15,287290.88,9,132958.27
1903763_2024-07-15_10-D_0001903763-24-000018.txt,Carvana Auto Receivables Trust 2022-P1,06-30-2024,446322846.82,1.76,3.5,101,2008964.83,347,6473823.68,82,1378448.93
1903763_2023-04-14_10-D_0001193125-23-101899.txt,Carvana Auto Receivables Trust 2022-P1,03-31-2023,713853644.83,0.48,2.5,77,1779661.79,130,2472185.12,48,947358.38
1999671_2025-11-14_10-D_0001999671-25-000049.txt,Carvana Auto Receivables Trust 2024-P2,10-31-2025,283110908.09,1.06,2.75,76,1730343.9,109,2291217.78,38,697472.9
1843627_2025-06-13_10-D_0001843627-25-000029.txt,Carvana Auto Receivables Trust 2021-P3,05-31-2025,199177800.47,3.1,4.0,173,2107496.79,374,5044475.41,99,1120781.94
1903753_2024-12-13_10-D_0001903753-24-000038.txt,Carvana Auto Receivables Trust 2022-P2,10-31-2024,238707383.72,2.15,3.5,154,2711926.74,213,3881389.01,77,1239715.28
1903763_2024-08-15_10-D_0001903763-24-000022.txt,Carvana Auto Receivables Trust 2022-P1,07-31-2024,430444551.43,0.0182,0.035,134,2604583.87,348,6306241.54,94,1513191.6
1845213_2023-04-14_10-D_0001193125-23-101898.txt,Carvana Auto Receivables Trust 2021-P4,03-31-2023,628950052.43,0.59,2.5,61,1333212.75,154,2667297.9,57,1055142.88
1999856_2025-04-15_10-D_0001999856-25-000021.txt,Carvana Auto Receivables Trust 2024-P3,03-31-2025,503041545.0,0.37,2.2,108,2868598.36,56,1354680.67,25,515751.66
1841341_2025-06-13_10-D_0001841341-25-000029.txt,Carvana Auto Receivables Trust 2021-P1,05-31-2025,45882603.81,2.93,4.5,61,490334.72,121,1122339.78,23,223845.15
1903763_2024-09-13_10-D_0001903763-24-000026.txt,Carvana Auto Receivables Trust 2022-P1,08-31-2024,414407724.63,2.02,3.5,206,3713087.42,364,6963723.89,90,1405962.16
1845213_2025-07-15_10-D_0001845213-25-000033.txt,Carvana Auto Receivables Trust 2021-P4,06-30-2025,221317054.49,3.05,4.0,178,2277237.59,395,5631299.95,88,1120756.1
1903763_2022-11-15_10-D_0001193125-22-285678.txt,Carvana Auto Receivables Trust 2022-P1,10-31-2022,814579744.6,0.23,2.0,118,2809727.94,70,1215640.38,33,630320.83
1843657_2022-11-15_10-D_0001193125-22-285675.txt,Carvana Auto Receivables Trust 2021-P2,10-31-2022,428970679.36,0.59,2.5,86,1553527.35,105,1941459.73,31,569437.88
1843657_2026-01-15_10-D_0001843657-26-000004.txt,Carvana Auto Receivables Trust 2021-P2,12-31-2025,69899344.91,4.33,4.5,72,622990.65,270,2566517.84,57,457997.25
1843627_2025-01-15_10-D_0001843627-25-000004.txt,Carvana Auto Receivables Trust 2021-P3,12-31-2024,259650123.99,0.0294,0.04,158,2130989.11,419,6202549.7,104,1431724.17
1903763_2025-05-15_10-D_0001903763-25-000025.txt,Carvana Auto Receivables Trust 2022-P1,04-30-2025,296428396.07,2.45,4.0,208,3372599.06,359,5853170.23,87,1408685.2
1841341_2025-04-15_10-D_0001841341-25-000021.txt,Carvana Auto Receivables Trust 2021-P1,03-31-2025,52717112.68,2.61,4.5,54,445287.91,126,1231892.56,17,143595.3
1843627_2021-10-18_10-D_0001193125-21-301043.txt,Carvana Auto Receivables Trust 2021-P3,09-30-2021,1013874646.57,0.0,2.0,0,0.0,0,0.0,0,0.0
1903753_2024-07-15_10-D_0001903753-24-000018.txt,Carvana Auto Receivables Trust 2022-P2,06-30-2024,275831670.39,1.94,3.5,68,1286965.59,226,4238278.05,67,1113340.22
1841341_2025-05-15_10-D_0001841341-25-000025.txt,Carvana Auto Receivables Trust 2021-P1,04-30-2025,49221895.4,0.0299,0.045,59,467106.25,131,1266725.56,26,204609.41
1903763_2023-12-15_10-D_0001903763-23-000012.txt,Carvana Auto Receivables Trust 2022-P1,11-30-2023,563583674.72,1.39,2.5,85,1698615.83,309,6200128.06,93,1642109.45
1841341_2023-04-14_10-D_0001193125-23-101891.txt,Carvana Auto Receivables Trust 2021-P1,03-31-2023,167549882.01,0.79,3.5,21,310490.85,66,1027170.37,24,300096.71
1903763_2023-07-14_10-D_0001193125-23-187114.txt,Carvana Auto Receivables Trust 2022-P1,06-30-2023,654099126.16,0.76,2.5,78,1738617.7,183,3912978.27,63,1076498.46
1843657_2025-06-13_10-D_0001843657-25-000029.txt,Carvana Auto Receivables Trust 2021-P2,05-31-2025,115797360.94,0.0315,0.04,146,1538431.16,272,3079212.88,57,573902.6
1843627_2022-03-15_10-D_0001193125-22-076013.txt,Carvana Auto Receivables Trust 2021-P3,02-28-2022,863526103.22,0.21,2.0,46,1053435.28,68,1278809.9,32,539812.86
1843627_2025-10-15_10-D_0001843627-25-000045.txt,Carvana Auto Receivables Trust 2021-P3,09-30-2025,155198059.52,0.0298,0.045,122,1364697.93,330,3918922.29,69,703798.17
1843657_2022-10-14_10-D_0001193125-22-262988.txt,Carvana Auto Receivables Trust 2021-P2,09-30-2022,442216055.05,0.51,2.5,119,2312920.4,90,1672932.75,35,575224.22
1841341_2021-07-20_10-D_0001193125-21-218808.txt,Carvana Auto Receivables Trust 2021-P1,06-30-2021,359563278.54,0.07,2.0,3,67145.59,12,161664.35,7,87606.11
1843657_2024-06-14_10-D_0001843657-24-000014.txt,Carvana Auto Receivables Trust 2021-P2,05-31-2024,215869055.68,1.95,3.5,95,1388097.27,253,3508655.42,56,700903.19
1903763_2022-07-15_10-D_0001193125-22-194643.txt,Carvana Auto Receivables Trust 2022-P1,06-30-2022,916761218.77,0.1,2.0,7,124439.13,34,523423.09,18,374903.04
1903763_2025-12-15_10-D_0001903763-25-000053.txt,Carvana Auto Receivables Trust 2022-P1,11-30-2025,205740017.37,3.13,4.0,106,1416801.15,379,5371229.47,88,1061148.71
1903756_2024-02-15_10-D_0001903756-24-000004.txt,Carvana Auto Receivables Trust 2022-P3,01-31-2024,221896694.2,1.25,2.5,54,1068787.98,106,2146444.2,31,630890.74
1841341_2022-06-15_10-D_0001193125-22-174560.txt,Carvana Auto Receivables Trust 2021-P1,05-31-2022,239403920.46,0.45,2.5,17,318322.35,50,881982.26,14,202182.95
1999671_2025-10-15_10-D_0001999671-25-000045.txt,Carvana Auto Receivables Trust 2024-P2,09-30-2025,293876142.05,1.08,2.75,61,1423065.07,117,2462190.1,42,700678.93
2037955_2026-01-15_10-D_0002037955-26-000004.txt,Carvana Auto Receivables Trust 2025-P2,12-31-2025,524910187.0,0.4,2.2,66,1822690.1,77,1447874.79,31,664598.91
1845213_2022-03-15_10-D_0001193125-22-076012.txt,Carvana Auto Receivables Trust 2021-P4,02-28-2022,958730382.76,0.12,2.0,21,494630.2,40,780756.15,20,417022.18
1903763_2023-08-15_10-D_0001903763-23-000004.txt,Carvana Auto Receivables Trust 2022-P1,07-31-2023,635040507.34,0.0094,0.025,117,2596887.25,209,4373970.99,84,1626343.35
1843627_2024-04-15_10-D_0001843627-24-000010.txt,Carvana Auto Receivables Trust 2021-P3,03-31-2024,382493064.11,1.75,3.5,95,1569736.23,324,5383802.6,90,1308800.87
2037955_2025-09-15_10-D_0002037955-25-000014.txt,Carvana Auto Receivables Trust 2025-P2,08-31-2025,589944164.12,0.06,2.2,1,10569.48,14,239251.38,5,140476.02
1843657_2025-07-15_10-D_0001843657-25-000033.txt,Carvana Auto Receivables Trust 2021-P2,06-30-2025,108831599.24,3.49,4.5,121,1160626.61,298,3346881.06,44,454728.11
1903753_2023-09-15_10-D_0001903753-23-000006.txt,Carvana Auto Receivables Trust 2022-P2,08-31-2023,375648406.7,0.86,2.5,82,1688840.25,123,2431404.23,46,803444.03
1903763_2024-11-15_10-D_0001903763-24-000034.txt,Carvana Auto Receivables Trust 2022-P1,10-31-2024,383692897.87,1.94,3.5,257,4519671.85,349,6234794.97,73,1204552.11
1843657_2023-06-15_10-D_0001193125-23-167879.txt,Carvana Auto Receivables Trust 2021-P2,05-31-2023,341292044.7,0.88,2.5,66,1138603.4,148,2420223.57,36,577025.03
1999856_2025-09-15_10-D_0001999856-25-000041.txt,Carvana Auto Receivables Trust 2024-P3,08-31-2025,422877204.4,0.93,2.2,105,2555209.49,121,2896970.2,51,1030356.49
1903763_2022-12-15_10-D_0001193125-22-305766.txt,Carvana Auto Receivables Trust 2022-P1,11-30-2022,793256252.67,0.0031,0.02,92,2242950.63,103,1974368.01,31,451622.98
1841341_2021-10-18_10-D_0001193125-21-301031.txt,Carvana Auto Receivables Trust 2021-P1,09-30-2021,323346148.77,0.14,2.0,22,417991.37,22,265506.23,20,194243.99
1903763_2024-04-15_10-D_0001903763-24-000010.txt,Carvana Auto Receivables Trust 2022-P1,03-31-2024,494668431.59,1.41,3.5,79,1579780.42,278,5453312.79,94,1510146.94
1999854_2025-07-15_10-D_0001999854-25-000035.txt,Carvana Auto Receivables Trust 2024-P4,06-30-2025,493672999.11,0.35,2.2,117,3057071.31,67,1347597.37,24,399158.73
1999856_2024-12-13_10-D_0001999856-24-000037.txt,Carvana Auto Receivables Trust 2024-P3,10-31-2024,592586176.1,0.03,2.2,22,535997.8,7,186335.81,0,0.0
1903756_2025-12-15_10-D_0001903756-25-000054.txt,Carvana Auto Receivables Trust 2022-P3,11-30-2025,97787721.49,2.46,4.0,57,909158.0,134,2031471.29,23,372445.43
2037956_2025-10-15_10-D_0002037956-25-000029.txt,Carvana Auto Receivables Trust 2025-P1,09-30-2025,464112482.63,0.34,2.2,65,1610474.32,56,1208208.42,24,387171.61
1841341_2025-02-14_10-D_0001841341-25-000008.txt,Carvana Auto Receivables Trust 2021-P1,01-31-2025,60212480.48,2.64,4.0,67,672615.15,134,1364802.5,23,224304.03
1843657_2022-09-15_10-D_0001193125-22-245539.txt,Carvana Auto Receivables Trust 2021-P2,08-31-2022,456648868.79,0.55,2.5,95,1976109.19,109,1829539.17,39,669256.54
1903756_2023-07-14_10-D_0001193125-23-187117.txt,Carvana Auto Receivables Trust 2022-P3,06-30-2023,269048688.46,0.45,2.0,22,517060.88,45,905563.59,17,312472.71
1841341_2023-11-13_10-D_0001841341-23-000012.txt,Carvana Auto Receivables Trust 2021-P1,10-31-2023,128402109.4,1.48,3.5,43,591683.6,132,1657998.51,19,247137.29
1903756_2024-06-14_10-D_0001903756-24-000014.txt,Carvana Auto Receivables Trust 2022-P3,05-31-2024,195778528.67,0.0115,0.025,39,769003.59,92,1702785.48,29,540289.81
1903753_2025-03-14_10-D_0001903753-25-000014.txt,Carvana Auto Receivables Trust 2022-P2,02-28-2025,203717881.68,2.34,3.5,72,1203824.52,218,3730643.4,67,1026773.71
1841341_2024-06-14_10-D_0001841341-24-000015.txt,Carvana Auto Receivables Trust 2021-P1,05-31-2024,94544256.46,2.13,4.0,28,301078.08,150,1726668.48,23,283509.45
1841341_2024-09-13_10-D_0001841341-24-000027.txt,Carvana Auto Receivables Trust 2021-P1,08-31-2024,80656995.18,2.39,4.0,55,599678.1,147,1670062.8,27,257022.56
1999854_2025-05-15_10-D_0001999854-25-000026.txt,Carvana Auto Receivables Trust 2024-P4,04-30-2025,527102072.39,0.24,2.2,3,69194.16,42,886269.76,22,399020.35
1845213_2023-12-15_10-D_0001845213-23-000012.txt,Carvana Auto Receivables Trust 2021-P4,11-30-2023,490194376.24,1.48,2.5,149,2967120.81,309,5781312.96,86,1462366.68
1903763_2025-10-15_10-D_0001903763-25-000045.txt,Carvana Auto Receivables Trust 2022-P1,09-30-2025,229331552.96,2.72,4.0,116,1715025.73,339,5124739.93,81,1116529.36
1999854_2025-04-15_10-D_0001999854-25-000022.txt,Carvana Auto Receivables Trust 2024-P4,03-31-2025,544548341.8,0.18,2.2,1,8760.06,37,792045.65,11,201211.8
1903756_2023-02-15_10-D_0001193125-23-039988.txt,Carvana Auto Receivables Trust 2022-P3,01-31-2023,308336462.13,0.36,2.0,4,106022.3,44,848081.06,16,251190.13
1903753_2025-05-15_10-D_0001903753-25-000025.txt,Carvana Auto Receivables Trust 2022-P2,04-30-2025,185780773.8,2.61,3.5,99,1552694.41,245,4052535.19,57,793393.96
1903753_2023-10-16_10-D_0001903753-23-000008.txt,Carvana Auto Receivables Trust 2022-P2,09-30-2023,365631083.53,1.04,2.5,55,1127400.81,151,2934014.63,51,851785.51
1903753_2025-11-14_10-D_0001903753-25-000049.txt,Carvana Auto Receivables Trust 2022-P2,10-31-2025,138670157.73,2.76,4.0,79,1176743.21,201,2945555.31,64,881510.63
2037956_2025-04-15_10-D_0002037956-25-000005.txt,Carvana Auto Receivables Trust 2025-P1,03-31-2025,575742647.5,0.0,2.2,0,0.0,1,20497.98,0,0.0
2037956_2025-05-15_10-D_0002037956-25-000009.txt,Carvana Auto Receivables Trust 2025-P1,04-30-2025,554703402.06,0.05,2.2,3,52339.12,14,289191.88,0,0.0
1999854_2025-09-15_10-D_0001999854-25-000043.txt,Carvana Auto Receivables Trust 2024-P4,08-31-2025,461968526.46,0.5,2.2,96,2399405.22,76,1680627.51,30,609925.93
1999854_2025-11-14_10-D_0001999854-25-000051.txt,Carvana Auto Receivables Trust 2024-P4,10-31-2025,432562855.63,0.57,2.2,108,2719328.87,84,1853877.49,33,590656.94
1845213_2026-01-15_10-D_0001845213-26-000004.txt,Carvana Auto Receivables Trust 2021-P4,12-31-2025,154886394.97,3.79,4.5,115,1281433.21,380,4683562.25,103,1191138.45
1841341_2022-04-14_10-D_0001193125-22-105579.txt,Carvana Auto Receivables Trust 2021-P1,03-31-2022,257950028.4,0.45,2.5,20,366665.32,49,835422.4,23,323007.36
1841341_2022-11-15_10-D_0001193125-22-285679.txt,Carvana Auto Receivables Trust 2021-P1,10-31-2022,199448716.23,0.62,2.5,42,797914.46,63,983641.51,17,262443.5
1903756_2023-11-13_10-D_0001903756-23-000010.txt,Carvana Auto Receivables Trust 2022-P3,10-31-2023,240495593.33,0.007,0.025,35,733634.59,79,1446686.2,16,243824.59
1999671_2024-12-13_10-D_0001999671-24-000033.txt,Carvana Auto Receivables Trust 2024-P2,10-31-2024,423889479.87,0.16,2.2,24,570650.11,27,443176.32,15,256089.34
1843627_2023-05-15_10-D_0001193125-23-144747.txt,Carvana Auto Receivables Trust 2021-P3,04-30-2023,556544862.62,0.91,2.5,105,2177777.71,214,4238828.71,49,829437.73
1845213_2025-08-15_10-D_0001845213-25-000037.txt,Carvana Auto Receivables Trust 2021-P4,07-31-2025,208970849.14,3.05,4.0,205,2742408.04,376,5101489.48,98,1281481.16
1903753_2024-10-15_10-D_0001903753-24-000030.txt,Carvana Auto Receivables Trust 2022-P2,09-30-2024,248061450.28,2.02,3.5,126,2250711.05,221,3847083.0,66,1158923.86
1843657_2023-12-15_10-D_0001843657-23-000014.txt,Carvana Auto Receivables Trust 2021-P2,11-30-2023,276414695.3,1.63,3.5,101,1474618.34,244,3743501.04,50,775144.53
1841341_2024-10-15_10-D_0001841341-24-000031.txt,Carvana Auto Receivables Trust 2021-P1,09-30-2024,76769642.72,2.5,4.0,63,657607.54,139,1581898.76,32,336057.93
1845213_2024-07-15_10-D_0001845213-24-000018.txt,Carvana Auto Receivables Trust 2021-P4,06-30-2024,383797712.6,2.29,3.5,104,1751184.08,415,7196235.26,100,1576992.91
1845213_2025-02-14_10-D_0001845213-25-000008.txt,Carvana Auto Receivables Trust 2021-P4,01-31-2025,285584651.4,2.78,4.0,218,3413810.96,427,6627450.98,99,1320642.38
1903753_2023-04-14_10-D_0001193125-23-101901.txt,Carvana Auto Receivables Trust 2022-P2,03-31-2023,434184620.14,0.43,2.0,35,768640.23,65,1247183.96,37,598280.09
1841341_2022-09-15_10-D_0001193125-22-245537.txt,Carvana Auto Receivables Trust 2021-P1,08-31-2022,213253894.38,0.58,2.5,54,907806.38,61,987852.21,15,244971.18
1903756_2025-01-15_10-D_0001903756-25-000004.txt,Carvana Auto Receivables Trust 2022-P3,12-31-2024,155033945.56,1.85,3.5,78,1350515.25,139,2466319.21,29,406231.64
1903756_2025-11-14_10-D_0001903756-25-000050.txt,Carvana Auto Receivables Trust 2022-P3,10-31-2025,101976029.09,2.32,4.0,62,1109050.95,115,1885486.04,33,479846.85
1903753_2025-04-15_10-D_0001903753-25-000021.txt,Carvana Auto Receivables Trust 2022-P2,03-31-2025,194422253.92,2.32,3.5,87,1438238.95,222,3755314.82,50,749540.32
1903763_2025-01-15_10-D_0001903763-25-000004.txt,Carvana Auto Receivables Trust 2022-P1,12-31-2024,354035405.9,2.22,3.5,180,2931493.29,358,6194548.39,93,1657866.22
1843657_2023-05-15_10-D_0001193125-23-144759.txt,Carvana Auto Receivables Trust 2021-P2,04-30-2023,353948287.28,0.96,2.5,60,1071507.65,167,2879618.07,40,512170.08
1903753_2022-06-15_10-D_0001193125-22-174555.txt,Carvana Auto Receivables Trust 2022-P2,05-31-2022,584153597.13,0.0,2.0,0,0.0,0,0.0,0,0.0
1903756_2023-04-14_10-D_0001193125-23-101902.txt,Carvana Auto Receivables Trust 2022-P3,03-31-2023,291975245.9,0.29,2.0,7,198157.64,31,629401.19,14,230081.73
1843657_2022-03-15_10-D_0001193125-22-076027.txt,Carvana Auto Receivables Trust 2021-P2,02-28-2022,568450630.68,0.3,2.0,42,884276.95,76,1359434.07,27,359822.97
1999856_2025-06-13_10-D_0001999856-25-000029.txt,Carvana Auto Receivables Trust 2024-P3,05-31-2025,469229940.67,0.37,2.2,143,3596882.0,64,1283807.2,28,461884.99
1843627_2024-10-15_10-D_0001843627-24-000030.txt,Carvana Auto Receivables Trust 2021-P3,09-30-2024,297839952.68,2.42,4.0,202,3076169.64,366,5684810.85,111,1509925.07
1903756_2022-10-14_10-D_0001193125-22-263003.txt,Carvana Auto Receivables Trust 2022-P3,09-30-2022,344140569.25,0.0,2.0,0,0.0,0,0.0,0,0.0
1843627_2025-03-14_10-D_0001843627-25-000014.txt,Carvana Auto Receivables Trust 2021-P3,02-28-2025,235017757.99,2.69,4.0,125,1662098.1,361,5093017.62,92,1218015.84
1845213_2022-11-15_10-D_0001193125-22-285665.txt,Carvana Auto Receivables Trust 2021-P4,10-31-2022,725852283.14,0.0038,0.02,139,3085396.73,111,2096298.26,36,694699.33
1841341_2024-03-15_10-D_0001841341-24-000007.txt,Carvana Auto Receivables Trust 2021-P1,02-29-2024,109001855.36,1.68,3.5,46,585603.0,129,1593366.05,22,235309.84
1999671_2026-01-15_10-D_0001999671-26-000004.txt,Carvana Auto Receivables Trust 2024-P2,12-31-2025,265203754.65,1.38,2.75,72,1583381.66,140,2946537.32,38,724933.89
1843657_2025-10-15_10-D_0001843657-25-000045.txt,Carvana Auto Receivables Trust 2021-P2,09-30-2025,88346214.98,3.72,4.5,88,761463.11,262,2760970.76,58,521946.43
1903756_2023-01-17_10-D_0001193125-23-009282.txt,Carvana Auto Receivables Trust 2022-P3,12-31-2022,316320073.71,0.18,2.0,2,65614.65,23,405086.93,10,179126.55
1843657_2025-03-14_10-D_0001843657-25-000014.txt,Carvana Auto Receivables Trust 2021-P2,02-28-2025,139442711.09,3.09,4.0,80,833278.28,292,3664996.76,56,640167.38
1903753_2024-02-15_10-D_0001903753-24-000004.txt,Carvana Auto Receivables Trust 2022-P2,01-31-2024,325713762.93,1.6,2.5,80,1612319.77,210,4200447.62,57,1018056.46
1903763_2023-05-15_10-D_0001193125-23-144720.txt,Carvana Auto Receivables Trust 2022-P1,04-30-2023,694887482.24,0.58,2.5,89,2128342.08,147,2936631.26,58,1061224.51
1841341_2025-10-15_10-D_0001841341-25-000045.txt,Carvana Auto Receivables Trust 2021-P1,09-30-2025,33163085.79,3.53,4.5,35,230838.55,131,1006484.53,20,164127.19
1903763_2022-08-15_10-D_0001193125-22-221174.txt,Carvana Auto Receivables Trust 2022-P1,07-31-2022,889348584.27,0.17,2.0,34,674193.07,60,1207056.03,21,297165.55
1843627_2024-06-14_10-D_0001843627-24-000014.txt,Carvana Auto Receivables Trust 2021-P3,05-31-2024,353072394.74,1.96,3.5,114,1902931.27,332,5638598.13,90,1289921.83
1843657_2022-04-14_10-D_0001193125-22-105597.txt,Carvana Auto Receivables Trust 2021-P2,03-31-2022,545990886.07,0.31,2.0,51,987684.66,70,1351013.73,24,324281.43
1903763_2025-07-15_10-D_0001903763-25-000033.txt,Carvana Auto Receivables Trust 2022-P1,06-30-2025,269172273.88,2.71,4.0,199,2945914.84,386,6135142.89,77,1160431.03
2037955_2025-11-14_10-D_0002037955-25-000022.txt,Carvana Auto Receivables Trust 2025-P2,10-31-2025,556316535.41,0.19,2.2,75,2019599.27,35,704209.69,23,380104.01
1843627_2023-03-15_10-D_0001193125-23-071262.txt,Carvana Auto Receivables Trust 2021-P3,02-28-2023,592840244.73,0.73,2.5,91,1906820.49,175,3362073.73,66,987302.52
1903763_2025-11-14_10-D_0001903763-25-000049.txt,Carvana Auto Receivables Trust 2022-P1,10-31-2025,216681578.24,2.77,4.0,128,1773156.01,343,4990418.82,78,1010902.18
1843627_2024-05-15_10-D_0001843627-24-000012.txt,Carvana Auto Receivables Trust 2021-P3,04-30-2024,367931492.95,1.96,3.5,101,1677767.98,354,5882494.55,89,1323529.7
1999854_2025-03-14_10-D_0001999854-25-000015.txt,Carvana Auto Receivables Trust 2024-P4,02-28-2025,563338641.72,0.1,2.2,1,24155.62,19,312602.16,14,243000.51
1843627_2023-10-16_10-D_0001843627-23-000010.txt,Carvana Auto Receivables Trust 2021-P3,09-30-2023,472254024.24,1.41,3.5,101,1798121.84,283,5364079.32,86,1309171.07
1843657_2024-04-15_10-D_0001843657-24-000010.txt,Carvana Auto Receivables Trust 2021-P2,03-31-2024,235711865.34,1.63,3.5,85,1291361.09,214,3270241.85,43,581360.61
1903756_2025-06-13_10-D_0001903756-25-000029.txt,Carvana Auto Receivables Trust 2022-P3,05-31-2025,127362886.38,2.12,3.5,85,1438894.5,134,2194062.2,33,501447.78
1903753_2023-03-15_10-D_0001193125-23-071267.txt,Carvana Auto Receivables Trust 2022-P2,02-28-2023,446827961.86,0.47,2.0,30,694519.03,78,1482626.94,35,613232.21
1843627_2022-12-15_10-D_0001193125-22-305769.txt,Carvana Auto Receivables Trust 2021-P3,11-30-2022,645591886.5,0.67,2.5,116,2539716.73,181,3561816.58,49,783368.48
1843657_2022-05-16_10-D_0001193125-22-151771.txt,Carvana Auto Receivables Trust 2021-P2,04-30-2022,525926330.62,0.35,2.0,23,486635.18,82,1492047.06,21,364433.75
1841341_2022-03-15_10-D_0001193125-22-076032.txt,Carvana Auto Receivables Trust 2021-P1,02-28-2022,269234115.87,0.47,2.0,13,246267.81,60,1069970.57,13,202315.09
1843657_2023-09-15_10-D_0001843657-23-000008.txt,Carvana Auto Receivables Trust 2021-P2,08-31-2023,306901131.71,1.3,3.5,109,1829704.73,187,3076321.19,62,900086.78
2037956_2025-12-15_10-D_0002037956-25-000037.txt,Carvana Auto Receivables Trust 2025-P1,11-30-2025,434740513.03,0.48,2.2,117,3002925.31,80,1572680.42,32,510914.04
1843657_2023-04-14_10-D_0001193125-23-101892.txt,Carvana Auto Receivables Trust 2021-P2,03-31-2023,366378830.99,0.76,2.5,49,859839.86,124,2098433.0,43,684115.27
1843657_2023-07-14_10-D_0001193125-23-187108.txt,Carvana Auto Receivables Trust 2021-P2,06-30-2023,329082813.26,1.01,3.5,52,933485.63,177,2824813.2,35,493918.44
1841341_2022-08-15_10-D_0001193125-22-221178.txt,Carvana Auto Receivables Trust 2021-P1,07-31-2022,221575467.03,0.64,2.5,44,763121.87,67,1120225.87,19,290327.36
1999671_2025-01-15_10-D_0001999671-25-000004.txt,Carvana Auto Receivables Trust 2024-P2,12-31-2024,398827299.3,0.38,2.2,90,2466505.91,56,1130279.48,21,390700.76
1999671_2024-09-13_10-D_0001999671-24-000021.txt,Carvana Auto Receivables Trust 2024-P2,08-31-2024,451668370.79,0.13,2.2,3,75294.64,23,441926.31,5,128004.46
1843657_2022-08-15_10-D_0001193125-22-221182.txt,Carvana Auto Receivables Trust 2021-P2,07-31-2022,473907050.87,0.53,2.5,93,1835189.66,111,1946048.19,34,549677.0
1903756_2025-08-15_10-D_0001903756-25-000037.txt,Carvana Auto Receivables Trust 2022-P3,07-31-2025,117152135.31,0.0256,0.035,69,1111441.34,148,2353339.26,43,646651.93
1845213_2024-09-13_10-D_0001845213-24-000026.txt,Carvana Auto Receivables Trust 2021-P4,08-31-2024,354349958.87,2.3,3.5,215,3606349.47,405,6774254.24,96,1363405.36
1999671_2024-10-15_10-D_0001999671-24-000025.txt,Carvana Auto Receivables Trust 2024-P2,09-30-2024,437651047.84,0.21,2.2,4,79340.43,32,606418.76,13,297945.43
1999856_2024-11-15_10-D_0001999856-24-000033.txt,Carvana Auto Receivables Trust 2024-P3,10-31-2024,592586176.1,0.03,2.2,22,535997.8,7,186335.81,0,0.0
1841341_2024-11-15_10-D_0001841341-24-000035.txt,Carvana Auto Receivables Trust 2021-P1,10-31-2024,72237273.18,2.61,4.0,81,836950.92,134,1480154.06,33,402068.82
1903756_2024-05-15_10-D_0001903756-24-000012.txt,Carvana Auto Receivables Trust 2022-P3,04-30-2024,202288442.4,1.2,2.5,40,758522.66,95,1851213.94,30,569630.35
1845213_2024-11-15_10-D_0001845213-24-000034.txt,Carvana Auto Receivables Trust 2021-P4,10-31-2024,326004640.48,2.36,3.5,213,3290790.76,402,6518351.4,83,1179047.91
1999856_2025-11-14_10-D_0001999856-25-000049.txt,Carvana Auto Receivables Trust 2024-P3,10-31-2025,394875027.47,0.94,2.75,103,2553830.68,140,2792139.39,52,937333.17
1845213_2022-12-15_10-D_0001193125-22-305774.txt,Carvana Auto Receivables Trust 2021-P4,11-30-2022,705634566.71,0.46,2.0,95,2181128.59,124,2439083.55,44,799885.57
1999671_2025-05-15_10-D_0001999671-25-000025.txt,Carvana Auto Receivables Trust 2024-P2,04-30-2025,349716006.39,0.69,2.2,104,2556309.45,84,1889083.18,31,507613.09
1843657_2022-02-15_10-D_0001193125-22-043402.txt,Carvana Auto Receivables Trust 2021-P2,01-31-2022,588852448.61,0.24,2.0,60,1312604.39,68,1141376.21,22,298143.95
1903756_2024-01-16_10-D_0001903756-24-000002.txt,Carvana Auto Receivables Trust 2022-P3,12-31-2023,228207059.98,0.98,2.5,36,806565.29,81,1688051.11,34,553453.61
1903763_2023-09-15_10-D_0001903763-23-000006.txt,Carvana Auto Receivables Trust 2022-P1,08-31-2023,615644947.22,0.9,2.5,141,3183942.53,213,4302127.77,77,1260221.85
2037952_2025-12-15_10-D_0002037952-25-000005.txt,Carvana Auto Receivables Trust 2025-P4,11-30-2025,910804097.98,0.0,2.2,0,0.0,0,0.0,0,0.0
1903756_2023-06-15_10-D_0001193125-23-167866.txt,Carvana Auto Receivables Trust 2022-P3,05-31-2023,276886547.66,0.4,2.0,31,695328.0,36,747489.96,25,356309.9
1845213_2023-10-16_10-D_0001845213-23-000008.txt,Carvana Auto Receivables Trust 2021-P4,09-30-2023,522417242.54,1.22,2.5,107,2223631.77,254,4933185.49,85,1442910.46
1999671_2025-06-13_10-D_0001999671-25-000029.txt,Carvana Auto Receivables Trust 2024-P2,05-31-2025,337645931.86,0.79,2.2,78,1930549.59,90,1954110.51,32,724457.64
1999854_2025-06-13_10-D_0001999854-25-000030.txt,Carvana Auto Receivables Trust 2024-P4,05-31-2025,510140667.08,0.22,2.2,40,931138.94,39,751058.85,21,380844.05
1841341_2023-10-16_10-D_0001841341-23-000010.txt,Carvana Auto Receivables Trust 2021-P1,09-30-2023,133672241.24,1.37,3.5,35,479708.99,102,1386374.64,33,451037.54
1843627_2024-02-15_10-D_0001843627-24-000004.txt,Carvana Auto Receivables Trust 2021-P3,01-31-2024,413108956.26,1.86,3.5,142,2455867.59,352,6097433.22,98,1569893.72
1903753_2025-01-15_10-D_0001903753-25-000004.txt,Carvana Auto Receivables Trust 2022-P2,12-31-2024,221214327.12,0.0234,0.035,130,2241774.93,227,3962703.92,78,1221469.48
1843627_2022-11-15_10-D_0001193125-22-285673.txt,Carvana Auto Receivables Trust 2021-P3,10-31-2022,664165093.41,0.58,2.5,134,3033269.3,150,2887422.49,52,934366.47
1903763_2022-04-14_10-D_0001193125-22-105631.txt,Carvana Auto Receivables Trust 2022-P1,03-31-2022,1014683970.83,0.0,2.0,0,0.0,2,38515.07,0,0.0
1903756_2024-04-15_10-D_0001903756-24-000010.txt,Carvana Auto Receivables Trust 2022-P3,03-31-2024,208659734.86,1.23,2.5,36,766531.69,101,1979690.79,33,581259.11
1999856_2025-10-15_10-D_0001999856-25-000045.txt,Carvana Auto Receivables Trust 2024-P3,09-30-2025,408712517.08,0.93,2.75,80,2068454.19,134,2841233.33,45,956093.27
1845213_2025-09-15_10-D_0001845213-25-000041.txt,Carvana Auto Receivables Trust 2021-P4,08-31-2025,197353780.42,3.31,4.0,132,1651844.12,390,5301577.15,96,1229044.82
1843627_2021-11-16_10-D_0001193125-21-331212.txt,Carvana Auto Receivables Trust 2021-P3,10-31-2021,983081122.91,0.02,2.0,4,90905.17,14,243424.09,0,0.0
1841341_2022-01-19_10-D_0001193125-22-012501.txt,Carvana Auto Receivables Trust 2021-P1,12-31-2021,290216818.31,0.29,2.0,23,453962.54,40,679459.75,12,173352.43
1843627_2022-07-15_10-D_0001193125-22-194631.txt,Carvana Auto Receivables Trust 2021-P3,06-30-2022,752927031.98,0.35,2.0,102,2278607.7,104,2160057.16,26,465780.82
1845213_2025-12-15_10-D_0001845213-25-000053.txt,Carvana Auto Receivables Trust 2021-P4,11-30-2025,164874666.0,3.48,4.0,125,1440039.19,394,4922364.93,68,808884.67
2037956_2025-06-13_10-D_0002037956-25-000013.txt,Carvana Auto Receivables Trust 2025-P1,05-31-2025,532814327.68,0.12,2.2,7,123037.55,24,427750.58,9,230189.97
1843657_2024-10-15_10-D_0001843657-24-000030.txt,Carvana Auto Receivables Trust 2021-P2,09-30-2024,180254026.25,2.74,4.0,139,1819077.4,300,3897799.34,83,1040751.17
1903756_2025-03-14_10-D_0001903756-25-000014.txt,Carvana Auto Receivables Trust 2022-P3,02-28-2025,144096519.96,2.1,3.5,54,935924.41,133,2356409.96,48,671808.88
1845213_2022-02-15_10-D_0001193125-22-043407.txt,Carvana Auto Receivables Trust 2021-P4,01-31-2022,992547705.12,0.08,2.0,21,494630.2,38,821109.87,0,0.0
1903756_2023-08-15_10-D_0001903756-23-000004.txt,Carvana Auto Receivables Trust 2022-P3,07-31-2023,261460051.04,0.51,2.0,41,953746.13,47,806918.5,26,532143.01
1843627_2021-12-20_10-D_0001193125-21-362368.txt,Carvana Auto Receivables Trust 2021-P3,11-30-2021,953217118.23,0.06,2.0,7,166908.73,24,460693.95,11,154058.28
1845213_2023-05-15_10-D_0001193125-23-144712.txt,Carvana Auto Receivables Trust 2021-P4,04-30-2023,611555573.07,0.77,2.5,112,2395211.38,192,3755903.8,62,951538.63
1999671_2024-08-15_10-D_0001999671-24-000017.txt,Carvana Auto Receivables Trust 2024-P2,07-31-2024,467588960.58,0.06,2.2,5,122141.39,11,265032.74,1,37607.78
1845213_2023-07-14_10-D_0001193125-23-187112.txt,Carvana Auto Receivables Trust 2021-P4,06-30-2023,573319375.58,0.99,2.5,94,1962914.07,241,4409054.24,72,1271498.28
1843657_2022-06-15_10-D_0001193125-22-174553.txt,Carvana Auto Receivables Trust 2021-P2,05-31-2022,507795807.06,0.36,2.0,56,1197876.95,77,1402203.92,30,444440.67
1845213_2023-09-15_10-D_0001845213-23-000006.txt,Carvana Auto Receivables Trust 2021-P4,08-31-2023,538895477.71,1.22,2.5,120,2470696.19,262,5115629.68,84,1471470.32
1903753_2024-05-15_10-D_0001903753-24-000012.txt,Carvana Auto Receivables Trust 2022-P2,04-30-2024,294892394.33,1.67,2.5,51,1070707.17,197,3799317.46,62,1121929.57
1843657_2021-07-20_10-D_0001193125-21-218815.txt,Carvana Auto Receivables Trust 2021-P2,06-30-2021,750431230.94,0.0,2.0,0,0.0,0,0.0,0,0.0
1843627_2025-12-15_10-D_0001843627-25-000053.txt,Carvana Auto Receivables Trust 2021-P3,11-30-2025,135679162.53,3.29,4.5,110,1124843.78,331,3659254.57,81,805784.25
1999671_2025-04-15_10-D_0001999671-25-000021.txt,Carvana Auto Receivables Trust 2024-P2,03-31-2025,361466619.38,0.44,2.2,77,1896002.71,57,1128625.17,26,457096.49
